Metric,Value
accuracy,0.5636631656532154
loss,0.6671161350081949
macro_f1,0.6191777756496971
macro_precision,0.6049021989702222
macro_recall,0.6787160296416227
micro_f1,0.6861037485800832
micro_precision,0.652617714850181
micro_recall,0.7685782151340346
weighted_f1,0.6872348106748246
weighted_precision,0.6490955594312126
weighted_recall,0.7685782151340346
