Metric,Value
accuracy,0.5732448866777226
loss,0.6405264102360781
macro_f1,0.6229333237312682
macro_precision,0.6126566626464515
macro_recall,0.690528089260237
micro_f1,0.6965181811163437
micro_precision,0.6590909090909091
micro_recall,0.7653545978961656
weighted_f1,0.6964371619037727
weighted_precision,0.6564712839727889
weighted_recall,0.7653545978961656
