Metric,Value
accuracy,0.6100976598489036
loss,1.130116675531163
macro_f1,0.6937168385133226
macro_precision,0.6573744897515992
macro_recall,0.7992526338609826
micro_f1,0.7162172723720204
micro_precision,0.687008547008547
micro_recall,0.8109777015437393
weighted_f1,0.7178107849896558
weighted_precision,0.6865101223773602
weighted_recall,0.8109777015437393
