Metric,Value
accuracy,0.5994103556292611
loss,1.1309254057267133
macro_f1,0.6965205856684368
macro_precision,0.6464382668327635
macro_recall,0.7962805415453406
micro_f1,0.7174996225275555
micro_precision,0.6780936454849499
micro_recall,0.8150943396226416
weighted_f1,0.7212575178085041
weighted_precision,0.6787335008037946
weighted_recall,0.8150943396226416
 0