Metric,Value
accuracy,0.4499723604201216
loss,0.13801771235816618
macro_f1,0.47391713745063013
macro_precision,0.5060027251194422
macro_recall,0.48665581596198126
micro_f1,0.6041889619324262
micro_precision,0.6225223262905685
micro_recall,0.6244272396903144
weighted_f1,0.5874348751874119
weighted_precision,0.583167039717181
weighted_recall,0.6244272396903144
