Metric,Value
accuracy,0.4566058595909342
loss,0.14584095009109554
macro_f1,0.501635922990588
macro_precision,0.5427761552211262
macro_recall,0.5428844570373302
micro_f1,0.6055297433163227
micro_precision,0.616506968641115
micro_recall,0.6280613051034919
weighted_f1,0.587311564779159
weighted_precision,0.5845935981998895
weighted_recall,0.6280613051034919
