Metric,Value
accuracy,0.456974387322646
loss,0.14647922607905725
macro_f1,0.5078738041182091
macro_precision,0.5440753509403276
macro_recall,0.5549131988383479
micro_f1,0.6054343666283964
micro_precision,0.6172006745362564
micro_recall,0.624901248222468
weighted_f1,0.5894295864698309
weighted_precision,0.5913842731413067
weighted_recall,0.624901248222468
