Metric,Value
accuracy,0.4255436785845927
loss,0.0932597248650649
macro_f1,0.48158068131572557
macro_precision,0.5244253795629231
macro_recall,0.5019391000515189
micro_f1,0.5754865860073646
micro_precision,0.5527645445358741
micro_recall,0.6001567398119122
weighted_f1,0.5714774353450865
weighted_precision,0.558143003101266
weighted_recall,0.6001567398119122