Metric,Value
accuracy,0.45531601252994286
loss,0.14493457385722328
macro_f1,0.504077731197891
macro_precision,0.5114745008803826
macro_recall,0.5466935945288073
micro_f1,0.6045554963053248
micro_precision,0.6116137176520092
micro_recall,0.6269552851951335
weighted_f1,0.5886500597570009
weighted_precision,0.5965017323921566
weighted_recall,0.6269552851951335
