Metric,Value
accuracy,0.4183560633984519
loss,0.08718123885200305
macro_f1,0.49481921681884294
macro_precision,0.5631076732802787
macro_recall,0.5007712672829026
micro_f1,0.5824340527577939
micro_precision,0.558012636415853
micro_recall,0.6090909090909091
weighted_f1,0.582661613397547
weighted_precision,0.5754739704357168
weighted_recall,0.6090909090909091