Metric,Value
accuracy,0.4063767047548839
loss,0.14680112240945592
macro_f1,0.5005237629766625
macro_precision,0.4807539867539542
macro_recall,0.5307810228232207
micro_f1,0.5690455468523353
micro_precision,0.5295626349892009
micro_recall,0.6148902821316614
weighted_f1,0.5702472678309463
weighted_precision,0.5346266846487835
weighted_recall,0.6148902821316614